Group,Average Spread Size,Median Spread Size,Standard Deviation,Minimum Spread Size,Maximum Spread Size
Bridge Nodes,138.1573333333,140.0000000000,19.6219242912,1,184
High-Degree Nodes Not in HCC,138.4440000000,140.0000000000,17.8849339948,1,177
Random Nodes,67.4530000000,7.5000000000,69.4785563393,1,183
