Test,Statistic,p-value
ANOVA,1662.5950018237,0.0000000000
T-test Bridge vs Random,53.6315058920,0.0000000000
T-test Bridge vs High-Degree,-0.3268129518,0.7439051264
T-test High-Degree vs Random,47.3204960362,0.0000000000
