Group,Average Spread Size,Median Spread Size,Standard Deviation,Minimum Spread Size,Maximum Spread Size
Bridge Nodes,598.6424358974,600.0000000000,23.9199781154,190,646
High-Degree Nodes Not in HCC,601.4900000000,601.0000000000,12.4743697236,575,635
Random Nodes,456.7752564103,595.0000000000,255.3473976070,1,647
