Group,Average Spread Size,Median Spread Size,Standard Deviation,Minimum Spread Size,Maximum Spread Size
Bridge Nodes,275.5453846154,290.0000000000,56.5485857968,1,362
High-Degree Nodes Not in HCC,276.8676470588,290.0000000000,53.0711909253,1,349
Random Nodes,127.5888461538,6.0000000000,141.8622130484,1,356
