Test,Statistic,p-value
ANOVA,2455.8187197749,0.0000000000
T-test Bridge vs Random,49.3910819959,0.0000000000
T-test Bridge vs High-Degree,-0.9214841489,0.3568388463
T-test High-Degree vs Random,50.9868347828,0.0000000000
