Test,Statistic,p-value
ANOVA,46.7297050490,0.0000000000
T-test Bridge vs Random,9.5232934283,0.0000000000
T-test Bridge vs High-Degree,3.8101970216,0.0002075474
T-test High-Degree vs Random,1.1341141786,0.2589072834
