Test,Statistic,p-value
ANOVA,46.7297050489716,1.7566367410080552e-20
T-test Bridge vs High-Degree,3.8101970215586665,0.0002075474294978811
T-test Bridge vs Random,9.5232934282869,6.245913491808664e-21
T-test High-Degree vs Random,1.1341141786436677,0.25890728344038405
